843598,Unassigned,,,Skipped,Download link not found
843598,3607302,media_1.jpg,sera_media\Customer_843598\Job_3607302\media_1.jpg,Downloaded,
843598,5039847,media_2.jpg,sera_media\Customer_843598\Job_5039847\media_2.jpg,Downloaded,
843598,5517233,media_3.jpg,sera_media\Customer_843598\Job_5517233\media_3.jpg,Downloaded,
843598,1100786,quote_627392_signed_2022-02-17_8-08am.pdf,sera_media\Customer_843598\Job_1100786\quote_627392_signed_2022-02-17_8-08am.pdf,Downloaded,
843598,1100786,invoice_1040003_signed_2022-02-17.pdf,sera_media\Customer_843598\Job_1100786\invoice_1040003_signed_2022-02-17.pdf,Downloaded,
843598,1295602,quote_667430_signed_2022-05-10_1-50pm.pdf,sera_media\Customer_843598\Job_1295602\quote_667430_signed_2022-05-10_1-50pm.pdf,Downloaded,
843598,1295602,invoice_1236662_signed_2022-05-10.pdf,sera_media\Customer_843598\Job_1295602\invoice_1236662_signed_2022-05-10.pdf,Downloaded,
843598,1915604,1556830766_BBCE5F7D-1B99-4B76-8762-B9F3AC03D16B.jpeg,sera_media\Customer_843598\Job_1915604\1556830766_BBCE5F7D-1B99-4B76-8762-B9F3AC03D16B.jpeg,Downloaded,
843598,1915604,1556830765_4DEFF37D-5DB6-422B-A846-FF3D6BAF3E72.jpeg,sera_media\Customer_843598\Job_1915604\1556830765_4DEFF37D-5DB6-422B-A846-FF3D6BAF3E72.jpeg,Downloaded,
843598,1915604,1556830763_947D4556-72F9-409E-86FB-F4FA2459430A.jpeg,sera_media\Customer_843598\Job_1915604\1556830763_947D4556-72F9-409E-86FB-F4FA2459430A.jpeg,Downloaded,
843598,1915604,1556830763_6AC60B0D-8901-4F56-8756-9D38C95888E8.jpeg,sera_media\Customer_843598\Job_1915604\1556830763_6AC60B0D-8901-4F56-8756-9D38C95888E8.jpeg,Downloaded,
843598,1915604,1556830762_6EF5509F-8602-46AE-B260-43BEB0F05744.jpeg,sera_media\Customer_843598\Job_1915604\1556830762_6EF5509F-8602-46AE-B260-43BEB0F05744.jpeg,Downloaded,
843598,1915604,1556830761_7B595202-4FDF-4C7D-AF73-3016C255D7D0.jpeg,sera_media\Customer_843598\Job_1915604\1556830761_7B595202-4FDF-4C7D-AF73-3016C255D7D0.jpeg,Downloaded,
843598,1915604,1556830758_2DAA547D-C351-4AEC-9AA2-29D8A6CCB372.jpeg,sera_media\Customer_843598\Job_1915604\1556830758_2DAA547D-C351-4AEC-9AA2-29D8A6CCB372.jpeg,Downloaded,
843598,1915604,1556830753_63DF7AA1-16F6-4E13-8AE0-559110846E6F.jpeg,sera_media\Customer_843598\Job_1915604\1556830753_63DF7AA1-16F6-4E13-8AE0-559110846E6F.jpeg,Downloaded,
843598,1915604,1556830748_6140FC63-9653-49F0-A102-67F9D85174BA.jpeg,sera_media\Customer_843598\Job_1915604\1556830748_6140FC63-9653-49F0-A102-67F9D85174BA.jpeg,Downloaded,
843598,1915604,1556830747_AFB4D4D1-7FDA-4DD8-AF8F-F5D45DEDCF1D.jpeg,sera_media\Customer_843598\Job_1915604\1556830747_AFB4D4D1-7FDA-4DD8-AF8F-F5D45DEDCF1D.jpeg,Downloaded,
843598,1915604,1556830747_27881FD0-5DF7-4F54-BD84-8F3F59AEE9F1.jpeg,sera_media\Customer_843598\Job_1915604\1556830747_27881FD0-5DF7-4F54-BD84-8F3F59AEE9F1.jpeg,Downloaded,
843598,3607302,quote_998981_signed_2023-04-26_9-16am.pdf,sera_media\Customer_843598\Job_3607302\quote_998981_signed_2023-04-26_9-16am.pdf,Downloaded,
843598,3607302,invoice_3507079_signed_2023-04-26.pdf,sera_media\Customer_843598\Job_3607302\invoice_3507079_signed_2023-04-26.pdf,Downloaded,
843598,5039847,quote_1296816_signed_2023-10-12_9-08am.pdf,sera_media\Customer_843598\Job_5039847\quote_1296816_signed_2023-10-12_9-08am.pdf,Downloaded,
843598,5039847,invoice_4774501_signed_2023-10-12.pdf,sera_media\Customer_843598\Job_5039847\invoice_4774501_signed_2023-10-12.pdf,Downloaded,
843598,5517233,quote_1413663_signed_2023-12-21_3-14pm.pdf,sera_media\Customer_843598\Job_5517233\quote_1413663_signed_2023-12-21_3-14pm.pdf,Downloaded,
843598,5517233,invoice_5112578_signed_2023-12-21.pdf,sera_media\Customer_843598\Job_5517233\invoice_5112578_signed_2023-12-21.pdf,Downloaded,
843613,1100807,media_1.jpg,sera_media\Customer_843613\Job_1100807\media_1.jpg,Downloaded,
843613,1100807,invoice_1038895_signed_2022-02-12.pdf,sera_media\Customer_843613\Job_1100807\invoice_1038895_signed_2022-02-12.pdf,Downloaded,
843636,1100843,quote_625720_signed_2022-02-12_6-54pm.pdf,sera_media\Customer_843636\Job_1100843\quote_625720_signed_2022-02-12_6-54pm.pdf,Downloaded,
843636,1100843,quote_625728_signed_2022-02-12_6-54pm.pdf,sera_media\Customer_843636\Job_1100843\quote_625728_signed_2022-02-12_6-54pm.pdf,Downloaded,
843636,1100843,quote_625720_emailed_2022-02-14_5-51pm.pdf,sera_media\Customer_843636\Job_1100843\quote_625720_emailed_2022-02-14_5-51pm.pdf,Downloaded,
843636,1100843,quote_625728_emailed_2022-02-14_5-51pm.pdf,sera_media\Customer_843636\Job_1100843\quote_625728_emailed_2022-02-14_5-51pm.pdf,Downloaded,
843690,1100913,quote_625817_signed_2022-02-14_1-18pm.pdf,sera_media\Customer_843690\Job_1100913\quote_625817_signed_2022-02-14_1-18pm.pdf,Downloaded,
843690,1100913,invoice_1039101_signed_2022-03-29.pdf,sera_media\Customer_843690\Job_1100913\invoice_1039101_signed_2022-03-29.pdf,Downloaded,
843690,1100913,quote_625817_signed_2022-08-23_10-01am.pdf,sera_media\Customer_843690\Job_1100913\quote_625817_signed_2022-08-23_10-01am.pdf,Downloaded,
844126,3583790,media_1.jpg,sera_media\Customer_844126\Job_3583790\media_1.jpg,Downloaded,
844126,5014981,media_2.jpg,sera_media\Customer_844126\Job_5014981\media_2.jpg,Downloaded,
844126,6311510,media_3.jpg,sera_media\Customer_844126\Job_6311510\media_3.jpg,Downloaded,
844126,1972393,quote_789397_signed_2022-10-07_9-03am.pdf,sera_media\Customer_844126\Job_1972393\quote_789397_signed_2022-10-07_9-03am.pdf,Downloaded,
844126,1972393,invoice_1868820_signed_2022-10-07.pdf,sera_media\Customer_844126\Job_1972393\invoice_1868820_signed_2022-10-07.pdf,Downloaded,
844126,3583790,quote_789388_signed_2023-04-17_8-45am.pdf,sera_media\Customer_844126\Job_3583790\quote_789388_signed_2023-04-17_8-45am.pdf,Downloaded,
844126,3583790,invoice_3424628_signed_2023-04-17.pdf,sera_media\Customer_844126\Job_3583790\invoice_3424628_signed_2023-04-17.pdf,Downloaded,
844499,1310835,media_1.jpg,sera_media\Customer_844499\Job_1310835\media_1.jpg,Downloaded,
844499,1310835,media_2.jpg,sera_media\Customer_844499\Job_1310835\media_2.jpg,Downloaded,
844499,2083890,media_3.jpg,sera_media\Customer_844499\Job_2083890\media_3.jpg,Downloaded,
844499,2083890,media_4.jpg,sera_media\Customer_844499\Job_2083890\media_4.jpg,Downloaded,
844499,1917164,media_5.jpg,sera_media\Customer_844499\Job_1917164\media_5.jpg,Downloaded,
844499,1917164,media_6.jpg,sera_media\Customer_844499\Job_1917164\media_6.jpg,Downloaded,
844499,1917153,media_7.jpg,sera_media\Customer_844499\Job_1917153\media_7.jpg,Downloaded,
844499,1917153,media_8.jpg,sera_media\Customer_844499\Job_1917153\media_8.jpg,Downloaded,
844499,1917153,media_9.jpg,sera_media\Customer_844499\Job_1917153\media_9.jpg,Downloaded,
844499,4011097,media_10.jpg,sera_media\Customer_844499\Job_4011097\media_10.jpg,Downloaded,
844499,4011105,media_11.jpg,sera_media\Customer_844499\Job_4011105\media_11.jpg,Downloaded,
844499,4011067,media_12.jpg,sera_media\Customer_844499\Job_4011067\media_12.jpg,Downloaded,
844499,5342907,media_13.jpg,sera_media\Customer_844499\Job_5342907\media_13.jpg,Downloaded,
844499,5342911,media_14.jpg,sera_media\Customer_844499\Job_5342911\media_14.jpg,Downloaded,
844499,5342911,media_15.jpg,sera_media\Customer_844499\Job_5342911\media_15.jpg,Downloaded,
844499,5859245,media_16.jpg,sera_media\Customer_844499\Job_5859245\media_16.jpg,Downloaded,
844499,6384408,media_17.jpg,sera_media\Customer_844499\Job_6384408\media_17.jpg,Downloaded,
844499,6384411,media_18.jpg,sera_media\Customer_844499\Job_6384411\media_18.jpg,Downloaded,
844499,6384403,media_19.jpg,sera_media\Customer_844499\Job_6384403\media_19.jpg,Downloaded,
844553,1284693,media_1.jpg,sera_media\Customer_844553\Job_1284693\media_1.jpg,Downloaded,
844553,1284693,media_2.jpg,sera_media\Customer_844553\Job_1284693\media_2.jpg,Downloaded,
844553,1284693,media_3.jpg,sera_media\Customer_844553\Job_1284693\media_3.jpg,Downloaded,
844743,1978065,media_1.jpg,sera_media\Customer_844743\Job_1978065\media_1.jpg,Downloaded,
844743,1978065,media_2.jpg,sera_media\Customer_844743\Job_1978065\media_2.jpg,Downloaded,
844743,5001291,media_3.jpg,sera_media\Customer_844743\Job_5001291\media_3.jpg,Downloaded,
844743,5001291,media_4.jpg,sera_media\Customer_844743\Job_5001291\media_4.jpg,Downloaded,
844743,5001291,media_5.jpg,sera_media\Customer_844743\Job_5001291\media_5.jpg,Downloaded,
844743,5001291,media_6.jpg,sera_media\Customer_844743\Job_5001291\media_6.jpg,Downloaded,
844743,5001291,media_7.jpg,sera_media\Customer_844743\Job_5001291\media_7.jpg,Downloaded,
844743,6280415,media_8.jpg,sera_media\Customer_844743\Job_6280415\media_8.jpg,Downloaded,
843598,Unknown,,,Error,"'config' is not implemented for CTk widgets. For consistency, always use 'configure' instead."
843598,Unknown,,,Error,"'config' is not implemented for CTk widgets. For consistency, always use 'configure' instead."
843598,Unknown,,,Error,"'config' is not implemented for CTk widgets. For consistency, always use 'configure' instead."
843598,Unknown,quote_627392_signed_2022-02-17_8:08am.pdf,,Error,"'config' is not implemented for CTk widgets. For consistency, always use 'configure' instead."
843598,Unknown,invoice_1040003_signed_2022-02-17.pdf,,Error,"'config' is not implemented for CTk widgets. For consistency, always use 'configure' instead."
843598,Unknown,quote_667430_signed_2022-05-10_1:50pm.pdf,,Error,"'config' is not implemented for CTk widgets. For consistency, always use 'configure' instead."
843598,Unknown,invoice_1236662_signed_2022-05-10.pdf,,Error,"'config' is not implemented for CTk widgets. For consistency, always use 'configure' instead."
843598,Unknown,1556830766_BBCE5F7D-1B99-4B76-8762-B9F3AC03D16B.jpeg,,Error,"'config' is not implemented for CTk widgets. For consistency, always use 'configure' instead."
843598,Unknown,1556830765_4DEFF37D-5DB6-422B-A846-FF3D6BAF3E72.jpeg,,Error,"'config' is not implemented for CTk widgets. For consistency, always use 'configure' instead."
843598,Unknown,1556830763_947D4556-72F9-409E-86FB-F4FA2459430A.jpeg,,Error,"'config' is not implemented for CTk widgets. For consistency, always use 'configure' instead."
843598,Unknown,1556830763_6AC60B0D-8901-4F56-8756-9D38C95888E8.jpeg,,Error,"'config' is not implemented for CTk widgets. For consistency, always use 'configure' instead."
843598,Unknown,1556830762_6EF5509F-8602-46AE-B260-43BEB0F05744.jpeg,,Error,"'config' is not implemented for CTk widgets. For consistency, always use 'configure' instead."
843598,Unknown,1556830761_7B595202-4FDF-4C7D-AF73-3016C255D7D0.jpeg,,Error,"'config' is not implemented for CTk widgets. For consistency, always use 'configure' instead."
843598,Unknown,1556830758_2DAA547D-C351-4AEC-9AA2-29D8A6CCB372.jpeg,,Error,"'config' is not implemented for CTk widgets. For consistency, always use 'configure' instead."
843598,Unknown,1556830753_63DF7AA1-16F6-4E13-8AE0-559110846E6F.jpeg,,Error,"'config' is not implemented for CTk widgets. For consistency, always use 'configure' instead."
843598,Unknown,1556830748_6140FC63-9653-49F0-A102-67F9D85174BA.jpeg,,Error,"'config' is not implemented for CTk widgets. For consistency, always use 'configure' instead."
843598,Unknown,1556830747_AFB4D4D1-7FDA-4DD8-AF8F-F5D45DEDCF1D.jpeg,,Error,"'config' is not implemented for CTk widgets. For consistency, always use 'configure' instead."
843598,Unknown,1556830747_27881FD0-5DF7-4F54-BD84-8F3F59AEE9F1.jpeg,,Error,"'config' is not implemented for CTk widgets. For consistency, always use 'configure' instead."
843598,Unknown,quote_998981_signed_2023-04-26_9:16am.pdf,,Error,"'config' is not implemented for CTk widgets. For consistency, always use 'configure' instead."
843598,Unknown,invoice_3507079_signed_2023-04-26.pdf,,Error,"'config' is not implemented for CTk widgets. For consistency, always use 'configure' instead."
843598,Unknown,quote_1296816_signed_2023-10-12_9:08am.pdf,,Error,"'config' is not implemented for CTk widgets. For consistency, always use 'configure' instead."
843598,Unknown,invoice_4774501_signed_2023-10-12.pdf,,Error,"'config' is not implemented for CTk widgets. For consistency, always use 'configure' instead."
843598,Unknown,quote_1413663_signed_2023-12-21_3:14pm.pdf,,Error,"'config' is not implemented for CTk widgets. For consistency, always use 'configure' instead."
843598,Unknown,invoice_5112578_signed_2023-12-21.pdf,,Error,"'config' is not implemented for CTk widgets. For consistency, always use 'configure' instead."
843598,Unknown,,,Error,"'config' is not implemented for CTk widgets. For consistency, always use 'configure' instead."
843598,Unknown,,,Error,"'config' is not implemented for CTk widgets. For consistency, always use 'configure' instead."
843598,Unknown,,,Error,"'config' is not implemented for CTk widgets. For consistency, always use 'configure' instead."
843598,Unknown,quote_627392_signed_2022-02-17_8:08am.pdf,,Error,"'config' is not implemented for CTk widgets. For consistency, always use 'configure' instead."
843598,Unknown,invoice_1040003_signed_2022-02-17.pdf,,Error,"'config' is not implemented for CTk widgets. For consistency, always use 'configure' instead."
843598,Unknown,quote_667430_signed_2022-05-10_1:50pm.pdf,,Error,"'config' is not implemented for CTk widgets. For consistency, always use 'configure' instead."
843598,Unknown,invoice_1236662_signed_2022-05-10.pdf,,Error,"'config' is not implemented for CTk widgets. For consistency, always use 'configure' instead."
843598,Unknown,1556830766_BBCE5F7D-1B99-4B76-8762-B9F3AC03D16B.jpeg,,Error,"'config' is not implemented for CTk widgets. For consistency, always use 'configure' instead."
843598,Unknown,1556830765_4DEFF37D-5DB6-422B-A846-FF3D6BAF3E72.jpeg,,Error,"'config' is not implemented for CTk widgets. For consistency, always use 'configure' instead."
843598,Unknown,1556830763_947D4556-72F9-409E-86FB-F4FA2459430A.jpeg,,Error,"'config' is not implemented for CTk widgets. For consistency, always use 'configure' instead."
843598,Unknown,1556830763_6AC60B0D-8901-4F56-8756-9D38C95888E8.jpeg,,Error,"'config' is not implemented for CTk widgets. For consistency, always use 'configure' instead."
843598,Unknown,1556830762_6EF5509F-8602-46AE-B260-43BEB0F05744.jpeg,,Error,"'config' is not implemented for CTk widgets. For consistency, always use 'configure' instead."
843598,Unknown,1556830761_7B595202-4FDF-4C7D-AF73-3016C255D7D0.jpeg,,Error,"'config' is not implemented for CTk widgets. For consistency, always use 'configure' instead."
843598,Unknown,1556830758_2DAA547D-C351-4AEC-9AA2-29D8A6CCB372.jpeg,,Error,"'config' is not implemented for CTk widgets. For consistency, always use 'configure' instead."
843598,Unknown,1556830753_63DF7AA1-16F6-4E13-8AE0-559110846E6F.jpeg,,Error,"'config' is not implemented for CTk widgets. For consistency, always use 'configure' instead."
843598,Unknown,1556830748_6140FC63-9653-49F0-A102-67F9D85174BA.jpeg,,Error,"'config' is not implemented for CTk widgets. For consistency, always use 'configure' instead."
843598,Unknown,1556830747_AFB4D4D1-7FDA-4DD8-AF8F-F5D45DEDCF1D.jpeg,,Error,"'config' is not implemented for CTk widgets. For consistency, always use 'configure' instead."
843598,Unknown,1556830747_27881FD0-5DF7-4F54-BD84-8F3F59AEE9F1.jpeg,,Error,"'config' is not implemented for CTk widgets. For consistency, always use 'configure' instead."
843598,Unknown,quote_998981_signed_2023-04-26_9:16am.pdf,,Error,"'config' is not implemented for CTk widgets. For consistency, always use 'configure' instead."
843598,Unknown,invoice_3507079_signed_2023-04-26.pdf,,Error,"'config' is not implemented for CTk widgets. For consistency, always use 'configure' instead."
843598,Unknown,quote_1296816_signed_2023-10-12_9:08am.pdf,,Error,"'config' is not implemented for CTk widgets. For consistency, always use 'configure' instead."
843598,Unknown,invoice_4774501_signed_2023-10-12.pdf,,Error,"'config' is not implemented for CTk widgets. For consistency, always use 'configure' instead."
843598,Unknown,quote_1413663_signed_2023-12-21_3:14pm.pdf,,Error,"'config' is not implemented for CTk widgets. For consistency, always use 'configure' instead."
843598,Unknown,invoice_5112578_signed_2023-12-21.pdf,,Error,"'config' is not implemented for CTk widgets. For consistency, always use 'configure' instead."
843598,Unknown,invoice_1040003_signed_2022-02-17.pdf,,Error,"Keyboard.press: Target page, context or browser has been closed"
843598,Unknown,,,Error,"Locator.get_attribute: Target page, context or browser has been closed"
843598,Unknown,,,Error,"Locator.get_attribute: Target page, context or browser has been closed"
843598,Unknown,,,Error,"Locator.get_attribute: Target page, context or browser has been closed"
843598,Unknown,,,Error,"Locator.get_attribute: Target page, context or browser has been closed"
843598,Unknown,,,Error,"Locator.get_attribute: Target page, context or browser has been closed"
843598,Unknown,,,Error,"Locator.get_attribute: Target page, context or browser has been closed"
843598,Unknown,,,Error,"Locator.get_attribute: Target page, context or browser has been closed"
843598,Unknown,,,Error,"Locator.get_attribute: Target page, context or browser has been closed"
843598,Unknown,,,Error,"Locator.get_attribute: Target page, context or browser has been closed"
843598,Unknown,,,Error,"Locator.get_attribute: Target page, context or browser has been closed"
843598,Unknown,,,Error,"Locator.get_attribute: Target page, context or browser has been closed"
843598,Unknown,,,Error,"Locator.get_attribute: Target page, context or browser has been closed"
843598,Unknown,,,Error,"Locator.get_attribute: Target page, context or browser has been closed"
843598,Unknown,,,Error,"Locator.get_attribute: Target page, context or browser has been closed"
843598,Unknown,,,Error,"Locator.get_attribute: Target page, context or browser has been closed"
843598,Unknown,,,Error,"Locator.get_attribute: Target page, context or browser has been closed"
843598,Unknown,,,Error,"Locator.get_attribute: Target page, context or browser has been closed"
843598,Unknown,,,Error,"Locator.get_attribute: Target page, context or browser has been closed"
843598,Unknown,,,Error,"Locator.get_attribute: Target page, context or browser has been closed"
843598,Unknown,,,Error,"'config' is not implemented for CTk widgets. For consistency, always use 'configure' instead."
843598,Unknown,,,Error,"'config' is not implemented for CTk widgets. For consistency, always use 'configure' instead."
843598,Unknown,,,Error,"'config' is not implemented for CTk widgets. For consistency, always use 'configure' instead."
843598,Unknown,quote_627392_signed_2022-02-17_8:08am.pdf,,Error,"'config' is not implemented for CTk widgets. For consistency, always use 'configure' instead."
843598,Unknown,invoice_1040003_signed_2022-02-17.pdf,,Error,"'config' is not implemented for CTk widgets. For consistency, always use 'configure' instead."
843598,Unknown,quote_667430_signed_2022-05-10_1:50pm.pdf,,Error,"'config' is not implemented for CTk widgets. For consistency, always use 'configure' instead."
843598,Unknown,invoice_1236662_signed_2022-05-10.pdf,,Error,"'config' is not implemented for CTk widgets. For consistency, always use 'configure' instead."
843598,Unknown,1556830766_BBCE5F7D-1B99-4B76-8762-B9F3AC03D16B.jpeg,,Error,"'config' is not implemented for CTk widgets. For consistency, always use 'configure' instead."
843598,Unknown,1556830765_4DEFF37D-5DB6-422B-A846-FF3D6BAF3E72.jpeg,,Error,"'config' is not implemented for CTk widgets. For consistency, always use 'configure' instead."
843598,Unknown,1556830763_947D4556-72F9-409E-86FB-F4FA2459430A.jpeg,,Error,"'config' is not implemented for CTk widgets. For consistency, always use 'configure' instead."
843598,Unknown,1556830763_6AC60B0D-8901-4F56-8756-9D38C95888E8.jpeg,,Error,"'config' is not implemented for CTk widgets. For consistency, always use 'configure' instead."
843598,Unknown,1556830762_6EF5509F-8602-46AE-B260-43BEB0F05744.jpeg,,Error,"'config' is not implemented for CTk widgets. For consistency, always use 'configure' instead."
843598,Unknown,1556830761_7B595202-4FDF-4C7D-AF73-3016C255D7D0.jpeg,,Error,"'config' is not implemented for CTk widgets. For consistency, always use 'configure' instead."
843598,Unknown,1556830758_2DAA547D-C351-4AEC-9AA2-29D8A6CCB372.jpeg,,Error,"'config' is not implemented for CTk widgets. For consistency, always use 'configure' instead."
843598,Unknown,1556830753_63DF7AA1-16F6-4E13-8AE0-559110846E6F.jpeg,,Error,"'config' is not implemented for CTk widgets. For consistency, always use 'configure' instead."
843598,Unknown,1556830748_6140FC63-9653-49F0-A102-67F9D85174BA.jpeg,,Error,"'config' is not implemented for CTk widgets. For consistency, always use 'configure' instead."
843598,Unknown,1556830747_AFB4D4D1-7FDA-4DD8-AF8F-F5D45DEDCF1D.jpeg,,Error,"'config' is not implemented for CTk widgets. For consistency, always use 'configure' instead."
843598,Unknown,1556830747_27881FD0-5DF7-4F54-BD84-8F3F59AEE9F1.jpeg,,Error,"'config' is not implemented for CTk widgets. For consistency, always use 'configure' instead."
843598,Unknown,,,Error,"'config' is not implemented for CTk widgets. For consistency, always use 'configure' instead."
843598,Unknown,,,Error,"'config' is not implemented for CTk widgets. For consistency, always use 'configure' instead."
843598,Unknown,,,Error,"'config' is not implemented for CTk widgets. For consistency, always use 'configure' instead."
843598,Unknown,quote_627392_signed_2022-02-17_8:08am.pdf,,Error,"'config' is not implemented for CTk widgets. For consistency, always use 'configure' instead."
843598,Unknown,invoice_1040003_signed_2022-02-17.pdf,,Error,"'config' is not implemented for CTk widgets. For consistency, always use 'configure' instead."
843598,Unknown,quote_667430_signed_2022-05-10_1:50pm.pdf,,Error,"'config' is not implemented for CTk widgets. For consistency, always use 'configure' instead."
843598,Unknown,invoice_1236662_signed_2022-05-10.pdf,,Error,"'config' is not implemented for CTk widgets. For consistency, always use 'configure' instead."
843598,Unknown,1556830766_BBCE5F7D-1B99-4B76-8762-B9F3AC03D16B.jpeg,,Error,"'config' is not implemented for CTk widgets. For consistency, always use 'configure' instead."
843598,Unknown,1556830765_4DEFF37D-5DB6-422B-A846-FF3D6BAF3E72.jpeg,,Error,"'config' is not implemented for CTk widgets. For consistency, always use 'configure' instead."
843598,Unknown,1556830763_947D4556-72F9-409E-86FB-F4FA2459430A.jpeg,,Error,"'config' is not implemented for CTk widgets. For consistency, always use 'configure' instead."
843598,Unknown,1556830763_6AC60B0D-8901-4F56-8756-9D38C95888E8.jpeg,,Error,"'config' is not implemented for CTk widgets. For consistency, always use 'configure' instead."
843598,Unknown,1556830762_6EF5509F-8602-46AE-B260-43BEB0F05744.jpeg,,Error,"'config' is not implemented for CTk widgets. For consistency, always use 'configure' instead."
843598,Unknown,1556830761_7B595202-4FDF-4C7D-AF73-3016C255D7D0.jpeg,,Error,"'config' is not implemented for CTk widgets. For consistency, always use 'configure' instead."
843598,Unknown,1556830758_2DAA547D-C351-4AEC-9AA2-29D8A6CCB372.jpeg,,Error,"'config' is not implemented for CTk widgets. For consistency, always use 'configure' instead."
843598,Unknown,1556830753_63DF7AA1-16F6-4E13-8AE0-559110846E6F.jpeg,,Error,"'config' is not implemented for CTk widgets. For consistency, always use 'configure' instead."
843598,Unknown,1556830748_6140FC63-9653-49F0-A102-67F9D85174BA.jpeg,,Error,"'config' is not implemented for CTk widgets. For consistency, always use 'configure' instead."
843598,Unknown,1556830747_AFB4D4D1-7FDA-4DD8-AF8F-F5D45DEDCF1D.jpeg,,Error,"'config' is not implemented for CTk widgets. For consistency, always use 'configure' instead."
843598,Unknown,1556830747_27881FD0-5DF7-4F54-BD84-8F3F59AEE9F1.jpeg,,Error,"'config' is not implemented for CTk widgets. For consistency, always use 'configure' instead."
843598,Unknown,quote_998981_signed_2023-04-26_9:16am.pdf,,Error,"'config' is not implemented for CTk widgets. For consistency, always use 'configure' instead."
843598,Unknown,invoice_3507079_signed_2023-04-26.pdf,,Error,"'config' is not implemented for CTk widgets. For consistency, always use 'configure' instead."
843598,Unknown,quote_1296816_signed_2023-10-12_9:08am.pdf,,Error,"'config' is not implemented for CTk widgets. For consistency, always use 'configure' instead."
843598,Unknown,invoice_4774501_signed_2023-10-12.pdf,,Error,"'config' is not implemented for CTk widgets. For consistency, always use 'configure' instead."
843598,Unknown,quote_1413663_signed_2023-12-21_3:14pm.pdf,,Error,"'config' is not implemented for CTk widgets. For consistency, always use 'configure' instead."
843598,Unknown,invoice_5112578_signed_2023-12-21.pdf,,Error,"'config' is not implemented for CTk widgets. For consistency, always use 'configure' instead."
844746,1101975,media_1.jpg,sera_media\Customer_844746\Job_1101975\media_1.jpg,Downloaded,
844746,1971650,media_2.jpg,sera_media\Customer_844746\Job_1971650\media_2.jpg,Downloaded,
844746,4587389,media_3.jpg,sera_media\Customer_844746\Job_4587389\media_3.jpg,Downloaded,
844746,4998150,media_4.jpg,sera_media\Customer_844746\Job_4998150\media_4.jpg,Downloaded,
844746,6281315,media_5.jpg,sera_media\Customer_844746\Job_6281315\media_5.jpg,Downloaded,
844755,3507559,media_1.jpg,sera_media\Customer_844755\Job_3507559\media_1.jpg,Downloaded,
844755,5253206,media_2.jpg,sera_media\Customer_844755\Job_5253206\media_2.jpg,Downloaded,
844755,6289220,media_3.jpg,sera_media\Customer_844755\Job_6289220\media_3.jpg,Downloaded,
844755,6313928,media_4.jpg,sera_media\Customer_844755\Job_6313928\media_4.jpg,Downloaded,
844755,6313928,media_5.jpg,sera_media\Customer_844755\Job_6313928\media_5.jpg,Downloaded,
844755,6313928,media_6.jpg,sera_media\Customer_844755\Job_6313928\media_6.jpg,Downloaded,
844963,6285334,media_1.jpg,sera_media\Customer_844963\Job_6285334\media_1.jpg,Downloaded,
844963,6285334,media_2.jpg,sera_media\Customer_844963\Job_6285334\media_2.jpg,Downloaded,
844963,6285334,media_3.jpg,sera_media\Customer_844963\Job_6285334\media_3.jpg,Downloaded,
844963,1102133,quote_627751_signed_2022-02-17_7-08pm.pdf,sera_media\Customer_844963\Job_1102133\quote_627751_signed_2022-02-17_7-08pm.pdf,Downloaded,
844963,1102133,invoice_1040230_signed_2022-02-17.pdf,sera_media\Customer_844963\Job_1102133\invoice_1040230_signed_2022-02-17.pdf,Downloaded,
844963,1916702,1611687445_RegistrationCertificate70.pdf,sera_media\Customer_844963\Job_1916702\1611687445_RegistrationCertificate70.pdf,Downloaded,
844963,1916800,1625065773_image2021-06-30-03-09-29.jpg,sera_media\Customer_844963\Job_1916800\1625065773_image2021-06-30-03-09-29.jpg,Downloaded,
844963,6285334,quote_1759553_signed_2024-06-28_3-43pm.pdf,sera_media\Customer_844963\Job_6285334\quote_1759553_signed_2024-06-28_3-43pm.pdf,Downloaded,
844963,6285334,invoice_6158869_signed_2024-06-28.pdf,sera_media\Customer_844963\Job_6285334\invoice_6158869_signed_2024-06-28.pdf,Downloaded,
845009,2372556,media_1.jpg,sera_media\Customer_845009\Job_2372556\media_1.jpg,Downloaded,
845009,4237400,media_2.jpg,sera_media\Customer_845009\Job_4237400\media_2.jpg,Downloaded,
845009,4785289,media_3.jpg,sera_media\Customer_845009\Job_4785289\media_3.jpg,Downloaded,
845009,4785289,media_4.jpg,sera_media\Customer_845009\Job_4785289\media_4.jpg,Downloaded,
845009,5003231,media_5.jpg,sera_media\Customer_845009\Job_5003231\media_5.jpg,Downloaded,
845009,5003231,media_6.jpg,sera_media\Customer_845009\Job_5003231\media_6.jpg,Downloaded,
845009,5449428,media_7.jpg,sera_media\Customer_845009\Job_5449428\media_7.jpg,Downloaded,
845009,6425582,media_8.jpg,sera_media\Customer_845009\Job_6425582\media_8.jpg,Downloaded,
